mill_id,recipe_id,period,planned_hours,planned_tons,planned_days,available_hours,utilization_pct,scenario_id
M1,R1,2020-01,156.49,7371.44,30,616.0,25.4,base
M1,R4,2020-01,0.64,32.4,1,616.0,0.1,base
M2,R1,2020-01,88.1,3444.13,29,632.5,13.93,base
M1,R2,2020-01,400.99,22133.66,30,616.0,65.1,base
M2,R2,2020-01,3.92,172.64,1,632.5,0.62,base
M2,R3,2020-01,236.35,8887.67,30,632.5,37.37,base
M2,R4,2020-01,168.62,7133.06,31,632.5,26.66,base
M2,R5,2020-01,1.31,48.62,2,632.5,0.21,base
M3,R1,2020-01,51.54,1045.56,20,540.0,9.54,base
M3,R4,2020-01,2.5,54.04,1,540.0,0.46,base
M3,R5,2020-01,39.24,742.28,29,540.0,7.27,base
M1,R3,2020-01,6.38,283.17,2,616.0,1.04,base
M1,R1,2020-02,151.88,7153.5,29,588.5,25.81,base
M3,R1,2020-02,46.5,944.1,18,535.0,8.69,base
M3,R5,2020-02,38.93,735.54,29,535.0,7.28,base
M2,R4,2020-02,161.85,6846.27,29,588.5,27.5,base
M2,R3,2020-02,232.65,8747.32,29,588.5,39.53,base
M1,R2,2020-02,393.12,21700.3,29,588.5,66.8,base
M2,R1,2020-02,90.33,3532.49,29,588.5,15.35,base
M3,R4,2020-02,5.14,110.97,2,535.0,0.96,base
M1,R2,2020-03,413.04,22800.64,30,616.0,67.05,base
M3,R4,2020-03,2.58,55.74,1,580.0,0.44,base
M3,R1,2020-03,54.14,1098.73,21,580.0,9.33,base
M1,R1,2020-03,157.96,7439.23,30,616.0,25.64,base
M3,R5,2020-03,41.08,776.87,30,580.0,7.08,base
M2,R4,2020-03,172.49,7296.34,30,616.0,28.0,base
M2,R3,2020-03,247.48,9305.13,30,616.0,40.18,base
M2,R1,2020-03,91.25,3566.86,30,616.0,14.81,base
M3,R4,2020-04,7.359999999999999,158.82999999999998,2,540.0,1.36,base
M1,R1,2020-04,145.36,6846.62,29,616.0,23.6,base
M1,R3,2020-04,6.67,296.3,2,616.0,1.08,base
M3,R5,2020-04,38.6,729.73,29,540.0,7.15,base
M1,R2,2020-04,415.47,22933.56,30,616.0,67.45,base
M3,R1,2020-04,49.64,1007.52,19,540.0,9.19,base
M2,R3,2020-04,237.32,8923.9,30,616.0,38.53,base
M2,R4,2020-04,164.85,6972.64,30,616.0,26.76,base
M2,R5,2020-04,0.78,29.0,1,616.0,0.13,base
M2,R1,2020-04,93.97,3673.42,29,616.0,15.25,base
M3,R1,2020-05,48.49,984.36,18,570.0,8.51,base
M3,R4,2020-05,10.25,221.37,3,570.0,1.8,base
M1,R1,2020-05,126.09,5939.18,30,627.0,20.11,base
M2,R4,2020-05,163.63,6921.64,30,610.5,26.8,base
M2,R3,2020-05,240.3,9036.85,30,610.5,39.36,base
M2,R1,2020-05,99.58,3894.25,30,610.5,16.31,base
M3,R5,2020-05,37.52,709.21,31,570.0,6.58,base
M1,R2,2020-05,442.26,24412.19,31,627.0,70.54,base
M1,R4,2020-05,1.66,83.59,1,627.0,0.26,base
M1,R3,2020-05,5.26,233.37,2,627.0,0.84,base
M1,R3,2020-06,2.6,115.29,1,616.0,0.42,base
M3,R1,2020-06,56.48,1146.43,22,545.0,10.36,base
M2,R5,2020-06,0.45,16.61,1,616.0,0.07,base
M3,R5,2020-06,40.54,766.0,29,545.0,7.44,base
M2,R1,2020-06,86.54,3383.37,29,616.0,14.05,base
M1,R4,2020-06,0.7,35.45,1,616.0,0.11,base
M2,R3,2020-06,240.15,9030.65,29,616.0,38.99,base
M1,R2,2020-06,409.08,22580.91,30,616.0,66.41,base
M1,R1,2020-06,154.62,7282.78,30,616.0,25.1,base
M2,R4,2020-06,173.86,7353.62,30,616.0,28.22,base
M2,R4,2020-07,185.99,7867.27,30,610.5,30.47,base
M2,R2,2020-07,3.74,164.6,1,610.5,0.61,base
M1,R2,2020-07,383.0,21141.97,29,594.0,64.48,base
M3,R1,2020-07,54.46,1105.67,21,575.0,9.47,base
M1,R1,2020-07,167.5,7888.96,29,594.0,28.2,base
M3,R5,2020-07,39.68,750.03,30,575.0,6.9,base
M2,R3,2020-07,240.59,9046.23,30,610.5,39.41,base
M2,R1,2020-07,72.52,2835.91,30,610.5,11.88,base
M1,R1,2020-08,158.34,7459.41,30,616.0,25.7,base
M3,R5,2020-08,40.81,771.01,31,575.0,7.1,base
M1,R3,2020-08,4.5,199.59,1,616.0,0.73,base
M2,R4,2020-08,170.51,7211.769999999999,30,610.5,27.93,base
M1,R2,2020-08,405.27,22368.81,30,616.0,65.79,base
M3,R4,2020-08,3.18,68.75,1,575.0,0.55,base
M3,R1,2020-08,54.09,1098.31,21,575.0,9.41,base
M2,R3,2020-08,241.35,9075.09,30,610.5,39.53,base
M2,R1,2020-08,87.2,3409.38,30,610.5,14.28,base
M2,R2,2020-08,3.87,170.33,1,610.5,0.63,base
M2,R1,2020-09,91.25,3568.85,30,616.0,14.81,base
M3,R1,2020-09,54.14,1099.3,21,560.0,9.67,base
M2,R4,2020-09,172.55,7298.09,30,616.0,28.01,base
M3,R4,2020-09,2.53,54.69,1,560.0,0.45,base
M1,R2,2020-09,413.29,22814.02,30,616.0,67.09,base
M1,R1,2020-09,157.71,7427.84,30,616.0,25.6,base
M3,R5,2020-09,41.28,780.28,30,560.0,7.37,base
M2,R3,2020-09,247.21,9295.57,30,616.0,40.13,base
M3,R5,2020-10,39.17,739.91,30,550.0,7.12,base
M1,R2,2020-10,395.6,21838.06,31,627.0,63.09,base
M2,R3,2020-10,223.57,8405.87,29,583.0,38.35,base
M2,R5,2020-10,0.83,31.06,1,583.0,0.14,base
M2,R4,2020-10,158.6,6708.86,29,583.0,27.2,base
M3,R1,2020-10,43.4,880.96,17,550.0,7.89,base
M1,R1,2020-10,164.29,7736.94,31,627.0,26.2,base
M1,R3,2020-10,12.31,546.4100000000001,3,627.0,1.96,base
M3,R4,2020-10,9.14,197.43,3,550.0,1.66,base
M2,R1,2020-10,80.74,3156.38,28,583.0,13.85,base
M1,R1,2020-11,153.36,7221.69,29,594.0,25.82,base
M2,R4,2020-11,168.85,7141.43,29,616.0,27.41,base
M2,R3,2020-11,245.3,9222.82,30,616.0,39.82,base
M3,R5,2020-11,40.6,767.71,30,560.0,7.25,base
M1,R2,2020-11,397.14,21923.99,29,594.0,66.86,base
M2,R1,2020-11,88.07,3443.43,30,616.0,14.3,base
M2,R2,2020-11,7.56,332.59,1,616.0,1.23,base
M3,R1,2020-11,54.01,1096.44,21,560.0,9.64,base
M3,R4,2020-11,3.13,67.51,1,560.0,0.56,base
M3,R4,2020-12,8.91,192.46,3,580.0,1.54,base
M2,R4,2020-12,166.6,7047.65,29,616.0,27.05,base
M2,R3,2020-12,243.82,9167.71,30,616.0,39.58,base
M2,R2,2020-12,7.56,332.75,1,616.0,1.23,base
M2,R1,2020-12,91.91,3592.1,30,616.0,14.92,base
M3,R1,2020-12,51.3,1041.38,20,580.0,8.84,base
M3,R5,2020-12,41.41,782.88,31,580.0,7.14,base
M1,R3,2020-12,4.6,204.29,1,616.0,0.75,base
M1,R1,2020-12,158.12,7448.059999999999,30,616.0,25.67,base
M1,R2,2020-12,405.38,22376.18,30,616.0,65.81,base
M2,R1,2021-01,87.16,3407.7200000000003,30,627.0,13.9,base
M3,R5,2021-01,39.54,746.75,30,550.0,7.19,base
M1,R3,2021-01,3.76,166.73,1,627.0,0.6,base
M1,R1,2021-01,163.59,7704.36,31,627.0,26.09,base
M2,R5,2021-01,0.84,31.42,1,627.0,0.13,base
M2,R4,2021-01,174.36,7376.21,31,627.0,27.81,base
M2,R3,2021-01,239.76,9014.66,31,627.0,38.24,base
M1,R2,2021-01,410.66,22668.99,31,627.0,65.5,base
M3,R1,2021-01,51.94,1054.79,20,550.0,9.44,base
M3,R1,2021-02,43.69,886.8199999999999,17,485.0,9.01,base
M2,R4,2021-02,146.21,6184.04,26,555.5,26.32,base
M2,R2,2021-02,7.64,335.98,1,555.5,1.38,base
M2,R5,2021-02,0.8,29.71,1,555.5,0.14,base
M1,R3,2021-02,3.89,172.68,1,550.0,0.71,base
M1,R1,2021-02,137.0,6452.46,26,550.0,24.91,base
M3,R5,2021-02,35.04,662.46,26,485.0,7.22,base
M2,R1,2021-02,82.62,3230.16,26,555.5,14.87,base
M1,R2,2021-02,351.11,19381.59,26,550.0,63.84,base
M2,R3,2021-02,209.58,7880.46,27,555.5,37.73,base
M3,R4,2021-02,5.640000000000001,121.67,2,485.0,1.16,base
M2,R3,2021-03,249.22,9370.99,30,621.5,40.1,base
M3,R1,2021-03,59.39,1206.07,23,580.0,10.24,base
M2,R1,2021-03,91.09,3562.61,30,621.5,14.66,base
M2,R4,2021-03,178.18,7537.35,30,621.5,28.67,base
M1,R4,2021-03,1.65,82.76,1,638.0,0.26,base
M1,R1,2021-03,160.04,7538.7,31,638.0,25.08,base
M1,R3,2021-03,2.35,104.32,1,638.0,0.37,base
M1,R2,2021-03,423.19,23359.5,31,638.0,66.33,base
M3,R5,2021-03,41.94,792.33,31,580.0,7.23,base
M2,R1,2021-04,80.59,3151.91,26,544.5,14.8,base
M1,R2,2021-04,383.68,21177.89,29,588.5,65.2,base
M3,R5,2021-04,33.16,626.57,29,535.0,6.2,base
M1,R3,2021-04,17.35,770.7,4,588.5,2.95,base
M2,R3,2021-04,204.02,7670.78,27,544.5,37.47,base
M2,R4,2021-04,139.71,5910.34,26,544.5,25.66,base
M3,R4,2021-04,17.93,387.31,6,535.0,3.35,base
M2,R2,2021-04,7.58,333.34,1,544.5,1.39,base
M1,R1,2021-04,133.24,6276.02,29,588.5,22.64,base
M3,R1,2021-04,38.03,771.93,14,535.0,7.11,base
M2,R5,2021-04,0.7,26.15,1,544.5,0.13,base
M2,R5,2021-05,1.35,50.17999999999999,2,610.5,0.22,base
M3,R4,2021-05,5.91,127.64,2,540.0,1.09,base
M3,R3,2021-05,0.27,5.29,1,540.0,0.05,base
M3,R1,2021-05,50.28,1020.02,19,540.0,9.31,base
M1,R1,2021-05,142.6,6716.89,30,632.5,22.55,base
M3,R5,2021-05,37.3,705.64,29,540.0,6.91,base
M2,R1,2021-05,86.3,3374.35,28,610.5,14.14,base
M1,R3,2021-05,14.33,635.77,4,632.5,2.27,base
M1,R2,2021-05,417.96,23071.09,31,632.5,66.08,base
M2,R4,2021-05,164.1,6941.04,30,610.5,26.88,base
M2,R3,2021-05,229.46,8627.789999999999,29,610.5,37.59,base
M1,R4,2021-05,0.75,37.88,1,632.5,0.12,base
M2,R2,2021-06,4.46,196.09,2,616.0,0.72,base
M2,R1,2021-06,86.88,3395.44,29,616.0,14.1,base
M3,R5,2021-06,37.53,709.68,28,520.0,7.22,base
M3,R1,2021-06,49.09,996.27,19,520.0,9.44,base
M1,R2,2021-06,381.78,21074.16,28,577.5,66.11,base
M3,R4,2021-06,2.52,54.39,1,520.0,0.48,base
M1,R3,2021-06,4.01,177.85,1,577.5,0.69,base
M1,R1,2021-06,147.22,6933.91,28,577.5,25.49,base
M2,R3,2021-06,225.71,8486.59,30,616.0,36.64,base
M2,R4,2021-06,161.47,6829.76,30,616.0,26.21,base
M2,R5,2021-06,0.84,31.16,1,616.0,0.14,base
M1,R2,2021-07,383.0,21140.45,30,605.0,63.31,base
M3,R5,2021-07,40.13,757.98,30,555.0,7.23,base
M2,R2,2021-07,7.21,317.19,1,627.0,1.15,base
M1,R3,2021-07,2.57,114.21,1,605.0,0.42,base
M3,R4,2021-07,3.53,76.17,1,555.0,0.64,base
M3,R1,2021-07,51.25,1040.79,20,555.0,9.23,base
M2,R5,2021-07,0.44,16.37,1,627.0,0.07,base
M2,R1,2021-07,74.53,2914.21,30,627.0,11.89,base
M1,R4,2021-07,0.95,47.8,1,605.0,0.16,base
M2,R4,2021-07,183.28,7752.94,30,627.0,29.23,base
M2,R3,2021-07,238.23,8957.539999999999,30,627.0,38.0,base
M1,R1,2021-07,169.47,7983.35,30,605.0,28.01,base
M3,R4,2021-08,11.05,238.67,4,580.0,1.91,base
M1,R3,2021-08,7.029999999999999,312.21,2,638.0,1.1,base
M2,R3,2021-08,238.23,8957.74,29,599.5,39.74,base
M3,R1,2021-08,48.78,990.34,19,580.0,8.41,base
M2,R1,2021-08,96.28,3764.74,29,599.5,16.06,base
M1,R4,2021-08,1.67,84.16,1,638.0,0.26,base
M1,R2,2021-08,416.66,22999.46,31,638.0,65.31,base
M2,R4,2021-08,165.0,6979.29,29,599.5,27.52,base
M3,R5,2021-08,41.54,784.83,31,580.0,7.16,base
M1,R1,2021-08,158.85,7482.42,31,638.0,24.9,base
M2,R5,2021-09,0.77,28.6,1,616.0,0.12,base
M3,R4,2021-09,14.15,305.71000000000004,5,540.0,2.62,base
M1,R3,2021-09,3.8,168.65,1,539.0,0.71,base
M2,R4,2021-09,146.84,6211.66,28,616.0,23.84,base
M1,R1,2021-09,137.88,6493.93,26,539.0,25.58,base
M3,R1,2021-09,41.58,844.22,16,540.0,7.7,base
M1,R2,2021-09,355.82,19641.6,26,539.0,66.01,base
M2,R2,2021-09,22.95,1009.66,4,616.0,3.73,base
M2,R1,2021-09,98.83,3864.78,29,616.0,16.04,base
M3,R5,2021-09,36.64,692.52,29,540.0,6.79,base
M2,R3,2021-09,223.72,8411.61,30,616.0,36.32,base
M3,R4,2021-10,9.05,195.59,3,570.0,1.59,base
M2,R1,2021-10,94.74,3704.78,31,627.0,15.11,base
M3,R1,2021-10,46.37,941.57,18,570.0,8.14,base
M2,R2,2021-10,15.09,664.18,2,627.0,2.41,base
M1,R1,2021-10,153.09,7209.56,29,583.0,26.26,base
M3,R5,2021-10,40.07,757.08,31,570.0,7.03,base
M2,R4,2021-10,161.32,6823.43,29,627.0,25.73,base
M1,R2,2021-10,386.41,21330.9,29,583.0,66.28,base
M2,R3,2021-10,241.46,9078.43,31,627.0,38.51,base
M2,R4,2021-11,175.4,7419.84,30,616.0,28.47,base
M3,R5,2021-11,41.6,786.39,30,560.0,7.43,base
M1,R2,2021-11,413.56,22828.38,30,616.0,67.14,base
M3,R1,2021-11,56.25,1141.66,22,560.0,10.04,base
M1,R1,2021-11,157.44,7415.53,30,616.0,25.56,base
M2,R1,2021-11,88.31,3452.58,30,616.0,14.34,base
M2,R3,2021-11,247.44,9303.82,30,616.0,40.17,base
M2,R4,2021-12,176.99,7487.08,31,632.5,27.98,base
M1,R1,2021-12,164.02,7725.03,31,632.5,25.93,base
M2,R3,2021-12,244.99,9210.73,31,632.5,38.73,base
M3,R1,2021-12,54.49,1106.06,21,555.0,9.82,base
M2,R5,2021-12,0.81,30.26,1,632.5,0.13,base
M1,R2,2021-12,415.82,22954.06,31,632.5,65.74,base
M3,R5,2021-12,40.28,761.35,30,555.0,7.26,base
M2,R1,2021-12,86.58,3384.26,30,632.5,13.69,base
M1,R3,2021-12,3.65,162.17,1,632.5,0.58,base
M2,R2,2022-01,15.26,671.79,2,605.0,2.52,base
M2,R4,2022-01,158.67,6710.61,28,605.0,26.23,base
M1,R3,2022-01,4.52,200.52,1,583.0,0.78,base
M3,R4,2022-01,9.69,209.11,3,570.0,1.7,base
M1,R2,2022-01,377.94,20862.29,29,583.0,64.83,base
M2,R3,2022-01,234.06,8801.68,30,605.0,38.69,base
M3,R1,2022-01,46.7,947.56,18,570.0,8.19,base
M2,R1,2022-01,85.6,3346.67,30,605.0,14.15,base
M3,R5,2022-01,38.98,737.07,31,570.0,6.84,base
M1,R1,2022-01,154.19,7262.63,29,583.0,26.45,base
M1,R1,2022-02,142.73,6721.13,28,572.0,24.95,base
M1,R3,2022-02,9.49,421.36,3,572.0,1.66,base
M3,R5,2022-02,36.01,680.09,27,505.0,7.13,base
M1,R4,2022-02,2.41,121.4,2,572.0,0.42,base
M2,R3,2022-02,208.27,7830.68,25,533.5,39.04,base
M1,R2,2022-02,364.15,20102.98,28,572.0,63.66,base
M2,R4,2022-02,146.55,6198.01,26,533.5,27.47,base
M3,R1,2022-02,46.15,937.31,18,505.0,9.14,base
M3,R4,2022-02,5.859999999999999,126.54,2,505.0,1.16,base
M2,R1,2022-02,77.29,3021.79,25,533.5,14.49,base
M2,R5,2022-02,0.42,15.8,1,533.5,0.08,base
M2,R4,2022-03,157.22,6650.49,27,616.0,25.52,base
M1,R2,2022-03,375.08,20706.08,28,572.0,65.57,base
M3,R1,2022-03,49.23,998.91,19,580.0,8.49,base
M2,R3,2022-03,233.74,8788.59,30,616.0,37.94,base
M1,R3,2022-03,4.41,195.74,1,572.0,0.77,base
M1,R1,2022-03,147.64,6952.57,28,572.0,25.81,base
M2,R1,2022-03,93.28,3646.68,30,616.0,15.14,base
M3,R4,2022-03,13.05,281.9,4,580.0,2.25,base
M3,R5,2022-03,39.32,743.69,31,580.0,6.78,base
M2,R2,2022-03,22.63,995.98,3,616.0,3.67,base
M2,R5,2022-04,1.12,41.7,2,544.5,0.21,base
M2,R2,2022-04,4.28,188.53,1,544.5,0.79,base
M2,R1,2022-04,81.14,3172.57,25,544.5,14.9,base
M3,R1,2022-04,38.93,790.09,14,520.0,7.49,base
M2,R3,2022-04,198.46,7462.19,26,544.5,36.45,base
M1,R1,2022-04,116.07,5466.13,29,594.0,19.54,base
M2,R4,2022-04,138.23,5847.63,27,544.5,25.39,base
M3,R4,2022-04,17.91,386.88,6,520.0,3.44,base
M1,R3,2022-04,20.380000000000003,904.83,5,594.0,3.43,base
M1,R2,2022-04,398.48,21996.6,29,594.0,67.08,base
M3,R5,2022-04,30.880000000000003,583.65,28,520.0,5.94,base
M1,R4,2022-04,0.61,30.93,1,594.0,0.1,base
M1,R3,2022-05,15.25,676.84,4,610.5,2.5,base
M2,R1,2022-05,74.99,2932.89,26,566.5,13.24,base
M1,R4,2022-05,0.74,37.46,1,610.5,0.12,base
M1,R2,2022-05,380.3,20992.7,30,610.5,62.29,base
M3,R5,2022-05,36.54,690.72,28,540.0,6.77,base
M2,R4,2022-05,153.79,6505.97,28,566.5,27.15,base
M2,R5,2022-05,1.23,45.86,2,566.5,0.22,base
M1,R1,2022-05,156.99,7393.75,30,610.5,25.71,base
M3,R4,2022-05,6.46,139.64,2,540.0,1.2,base
M2,R3,2022-05,212.24,7980.18,27,566.5,37.47,base
M3,R1,2022-05,46.43,942.57,18,540.0,8.6,base
M2,R1,2022-06,88.87,3474.5,29,616.0,14.43,base
M2,R4,2022-06,164.12,6942.67,29,616.0,26.64,base
M1,R1,2022-06,153.09,7210.98,29,594.0,25.77,base
M3,R5,2022-06,38.88,734.86,29,540.0,7.2,base
M3,R1,2022-06,49.05,995.96,19,540.0,9.08,base
M1,R3,2022-06,4.02,178.69,1,594.0,0.68,base
M2,R2,2022-06,7.56,332.7,1,616.0,1.23,base
M1,R2,2022-06,390.88,21576.32,29,594.0,65.8,base
M2,R5,2022-06,0.81,30.03,1,616.0,0.13,base
M3,R4,2022-06,5.63,121.48,2,540.0,1.04,base
M2,R3,2022-06,235.04,8838.81,30,616.0,38.16,base
M3,R5,2022-07,39.82,752.73,30,555.0,7.17,base
M1,R3,2022-07,7.08,314.54,2,605.0,1.17,base
M1,R2,2022-07,374.74,20685.45,30,605.0,61.94,base
M1,R4,2022-07,0.83,41.98,1,605.0,0.14,base
M2,R4,2022-07,174.94,7399.04,29,605.0,28.92,base
M2,R1,2022-07,70.22,2745.25,29,605.0,11.61,base
M2,R3,2022-07,231.93,8720.68,29,605.0,38.34,base
M3,R1,2022-07,48.29,980.07,19,555.0,8.7,base
M1,R1,2022-07,170.04,8009.17,30,605.0,28.11,base
M2,R2,2022-07,7.22,317.82,1,605.0,1.19,base
M2,R5,2022-07,0.43,15.9,1,605.0,0.07,base
M3,R4,2022-07,7.08,152.93,2,555.0,1.28,base
M3,R5,2022-08,40.65,768.53,31,580.0,7.01,base
M2,R2,2022-08,7.6,334.49,1,605.0,1.26,base
M2,R4,2022-08,161.94,6850.11,28,605.0,26.77,base
M1,R1,2022-08,152.72,7192.23,30,616.0,24.79,base
M2,R3,2022-08,239.55,9006.89,29,605.0,39.6,base
M3,R4,2022-08,8.46,182.66,3,580.0,1.46,base
M1,R4,2022-08,3.3,165.95999999999998,2,616.0,0.54,base
M2,R1,2022-08,96.27,3762.84,29,605.0,15.91,base
M3,R1,2022-08,51.73,1049.89,20,580.0,8.92,base
M1,R2,2022-08,401.83,22181.49,30,616.0,65.23,base
M1,R3,2022-08,4.6,204.27,2,616.0,0.75,base
M2,R1,2022-09,88.88,3475.07,30,616.0,14.43,base
M3,R1,2022-09,54.07,1097.69,21,560.0,9.66,base
M3,R4,2022-09,3.42,73.8,1,560.0,0.61,base
M2,R4,2022-09,168.86,7143.71,29,616.0,27.41,base
M2,R3,2022-09,244.09,9177.48,30,616.0,39.62,base
M3,R5,2022-09,40.58,766.67,30,560.0,7.25,base
M2,R2,2022-09,7.6,334.58,1,616.0,1.23,base
M1,R1,2022-09,152.9,7201.57,29,594.0,25.74,base
M1,R2,2022-09,397.6,21947.57,29,594.0,66.94,base
M2,R1,2022-10,86.65,3388.38,30,605.0,14.32,base
M2,R4,2022-10,164.29,6949.66,29,605.0,27.16,base
M3,R4,2022-10,6.5,140.4,2,570.0,1.14,base
M3,R5,2022-10,40.11,757.64,31,570.0,7.04,base
M1,R3,2022-10,4.49,199.16,1,605.0,0.74,base
M2,R3,2022-10,236.39,8887.93,30,605.0,39.07,base
M3,R1,2022-10,49.04,995.92,19,570.0,8.6,base
M1,R2,2022-10,394.31,21765.59,30,605.0,65.18,base
M1,R1,2022-10,158.27,7454.75,30,605.0,26.16,base
M2,R2,2022-10,7.55,332.37,1,605.0,1.25,base
M2,R4,2022-11,158.22,6692.67,27,561.0,28.2,base
M1,R1,2022-11,153.82,7244.3,30,616.0,24.97,base
M3,R4,2022-11,3.07,66.34,1,540.0,0.57,base
M1,R4,2022-11,3.3,165.99,2,616.0,0.54,base
M2,R5,2022-11,0.8,29.77,1,561.0,0.14,base
M1,R2,2022-11,387.14,21370.41,30,616.0,62.85,base
M2,R3,2022-11,218.61,8219.78,27,561.0,38.97,base
M1,R3,2022-11,12.88,571.79,4,616.0,2.09,base
M2,R1,2022-11,77.76,3040.67,26,561.0,13.86,base
M3,R1,2022-11,51.57,1047.13,20,540.0,9.55,base
M3,R5,2022-11,37.81,714.78,29,540.0,7.0,base
M3,R1,2022-12,41.12,834.46,16,535.0,7.69,base
M2,R3,2022-12,211.46,7951.34,30,610.5,34.64,base
M2,R2,2022-12,26.62,1171.39,4,610.5,4.36,base
M3,R5,2022-12,35.69,674.71,29,535.0,6.67,base
M1,R2,2022-12,345.5,19071.6,27,550.0,62.82,base
M2,R5,2022-12,1.62,60.35,2,610.5,0.27,base
M2,R1,2022-12,86.92,3398.69,28,610.5,14.24,base
M2,R4,2022-12,145.2,6142.55,27,610.5,23.78,base
M1,R1,2022-12,143.89,6778.18,27,550.0,26.16,base
M1,R3,2022-12,12.3,546.21,3,550.0,2.24,base
M3,R4,2022-12,12.73,274.9,4,535.0,2.38,base
M2,R1,2023-01,84.49,3304.28,29,610.5,13.84,base
M3,R5,2023-01,39.59,748.21,30,555.0,7.13,base
M1,R2,2023-01,407.49,22491.67,31,632.5,64.43,base
M2,R4,2023-01,167.75,7096.45,30,610.5,27.48,base
M1,R3,2023-01,8.29,368.37,2,632.5,1.31,base
M3,R1,2023-01,49.25,999.59,19,555.0,8.87,base
M3,R4,2023-01,5.6,120.9,2,555.0,1.01,base
M1,R1,2023-01,164.96,7770.93,31,632.5,26.08,base
M2,R3,2023-01,237.38,8925.9,30,610.5,38.88,base
M2,R5,2023-01,0.77,28.49,1,610.5,0.13,base
M3,R5,2023-02,36.62,692.1,28,520.0,7.04,base
M3,R4,2023-02,8.27,178.59,3,520.0,1.59,base
M2,R1,2023-02,88.23,3449.84,27,555.5,15.88,base
M3,R1,2023-02,44.13,895.66,17,520.0,8.49,base
M2,R4,2023-02,146.32,6190.0,26,555.5,26.34,base
M1,R1,2023-02,139.69,6579.49,27,550.0,25.4,base
M2,R3,2023-02,217.87,8191.9,27,555.5,39.22,base
M1,R2,2023-02,361.64,19962.48,27,550.0,65.75,base
M2,R2,2023-02,7.61,335.03,1,555.5,1.37,base
M1,R3,2023-02,2.32,103.0,1,550.0,0.42,base
M1,R4,2023-02,1.59,79.96,1,550.0,0.29,base
M2,R1,2023-03,91.83,3590.7,30,638.0,14.39,base
M2,R5,2023-03,0.79,29.44,1,638.0,0.12,base
M2,R4,2023-03,174.22,7370.11,31,638.0,27.31,base
M2,R2,2023-03,3.91,171.85,1,638.0,0.61,base
M1,R3,2023-03,3.55,157.69,1,621.5,0.57,base
M3,R1,2023-03,55.78,1132.11,21,560.0,9.96,base
M2,R3,2023-03,245.17,9218.37,31,638.0,38.43,base
M1,R2,2023-03,424.19,23415.54,30,621.5,68.25,base
M3,R5,2023-03,38.56,728.96,30,560.0,6.89,base
M1,R1,2023-03,146.26,6888.56,30,621.5,23.53,base
M3,R4,2023-03,2.83,61.12,1,560.0,0.51,base
M2,R3,2023-04,219.65,8259.15,29,583.0,37.68,base
M1,R2,2023-04,405.38,22377.07,29,583.0,69.53,base
M3,R1,2023-04,45.89,931.62,17,550.0,8.34,base
M1,R1,2023-04,122.76,5782.32,28,583.0,21.06,base
M2,R1,2023-04,90.18,3526.8,29,583.0,15.47,base
M3,R5,2023-04,35.17,664.89,30,550.0,6.39,base
M2,R4,2023-04,157.96,6680.6900000000005,28,583.0,27.09,base
M3,R4,2023-04,6.26,135.17000000000002,2,550.0,1.14,base
M2,R2,2023-04,8.24,362.63,1,583.0,1.41,base
M1,R3,2023-04,7.699999999999999,341.93,2,583.0,1.32,base
M3,R3,2023-04,4.78,93.78,1,550.0,0.87,base
M1,R1,2023-05,163.45,7698.44,31,638.0,25.62,base
M3,R4,2023-05,11.05,238.36,4,580.0,1.91,base
M3,R5,2023-05,41.84,790.82,31,580.0,7.21,base
M1,R2,2023-05,420.54,23213.87,31,638.0,65.92,base
M3,R1,2023-05,49.18,998.48,19,580.0,8.48,base
M2,R4,2023-05,167.0,7064.78,30,616.0,27.11,base
M2,R1,2023-05,96.5,3772.52,30,616.0,15.67,base
M2,R3,2023-05,247.48,9305.58,30,616.0,40.18,base
M1,R3,2023-05,4.56,202.37,1,638.0,0.71,base
M3,R4,2023-06,3.35,72.38,1,545.0,0.61,base
M3,R1,2023-06,54.38,1104.15,21,545.0,9.98,base
M2,R1,2023-06,72.76,2844.11,29,616.0,11.81,base
M2,R5,2023-06,0.44,16.43,1,616.0,0.07,base
M2,R2,2023-06,7.26,319.37,1,616.0,1.18,base
M1,R1,2023-06,164.59,7751.92,29,594.0,27.71,base
M1,R4,2023-06,0.9,45.37,1,594.0,0.15,base
M1,R2,2023-06,378.44,20890.4,29,594.0,63.71,base
M2,R4,2023-06,182.18,7705.84,29,616.0,29.57,base
M1,R3,2023-06,2.56,113.84,1,594.0,0.43,base
M2,R3,2023-06,236.79,8903.18,29,616.0,38.44,base
M3,R5,2023-06,39.37,743.9200000000001,29,545.0,7.22,base
M2,R5,2023-07,0.45,16.62,1,627.0,0.07,base
M1,R2,2023-07,396.97,21912.93,30,605.0,65.61,base
M3,R4,2023-07,3.26,70.52,1,555.0,0.59,base
M2,R1,2023-07,88.9,3476.15,30,627.0,14.18,base
M3,R1,2023-07,51.5,1045.27,20,555.0,9.28,base
M2,R3,2023-07,239.05,8988.39,30,627.0,38.13,base
M1,R1,2023-07,155.59,7328.52,30,605.0,25.72,base
M1,R3,2023-07,2.69,119.52,1,605.0,0.44,base
M2,R4,2023-07,167.87,7101.26,30,627.0,26.77,base
M2,R2,2023-07,7.61,335.01,1,627.0,1.21,base
M1,R4,2023-07,0.74,37.22,1,605.0,0.12,base
M3,R5,2023-07,39.94,755.04,30,555.0,7.2,base
M3,R4,2023-08,8.38,181.12,3,580.0,1.44,base
M1,R1,2023-08,158.77,7477.59,30,621.5,25.55,base
M1,R3,2023-08,4.52,200.71,1,621.5,0.73,base
M2,R2,2023-08,3.93,172.89,1,616.0,0.64,base
M3,R1,2023-08,51.88,1052.92,20,580.0,8.94,base
M2,R3,2023-08,244.89,9207.76,30,616.0,39.75,base
M2,R4,2023-08,166.61,7047.12,30,616.0,27.05,base
M1,R2,2023-08,410.34,22651.5,30,621.5,66.02,base
M3,R5,2023-08,41.19,778.98,31,580.0,7.1,base
M2,R1,2023-08,94.58,3698.22,30,616.0,15.35,base
M2,R2,2023-09,3.86,169.94,1,566.5,0.68,base
M2,R1,2023-09,81.08,3169.99,27,566.5,14.31,base
M3,R1,2023-09,43.76,888.44,17,535.0,8.18,base
M3,R4,2023-09,9.01,194.61,3,535.0,1.68,base
M1,R3,2023-09,12.68,562.46,3,594.0,2.13,base
M1,R2,2023-09,375.86,20747.66,29,594.0,63.28,base
M2,R3,2023-09,213.67,8033.8,28,566.5,37.72,base
M2,R5,2023-09,0.84,31.23,1,566.5,0.15,base
M2,R4,2023-09,152.0,6429.68,28,566.5,26.83,base
M3,R5,2023-09,36.99,698.86,29,535.0,6.91,base
M1,R1,2023-09,153.77,7242.76,29,594.0,25.89,base
M2,R3,2023-10,242.07,9101.04,30,610.5,39.65,base
M3,R1,2023-10,51.77,1050.58,20,555.0,9.33,base
M1,R3,2023-10,0.34,15.15,1,610.5,0.06,base
M1,R4,2023-10,0.25,12.55,1,610.5,0.04,base
M1,R2,2023-10,391.82,21628.67,30,610.5,64.18,base
M3,R5,2023-10,39.55,747.87,30,555.0,7.13,base
M3,R4,2023-10,3.36,72.53,1,555.0,0.61,base
M2,R2,2023-10,7.64,336.14,1,610.5,1.25,base
M1,R1,2023-10,154.13,7259.43,30,610.5,25.25,base
M2,R1,2023-10,85.42,3340.38,30,610.5,13.99,base
M2,R4,2023-10,167.22,7072.53,29,610.5,27.39,base
M1,R1,2023-11,154.61,7283.65,30,616.0,25.1,base
M1,R4,2023-11,1.63,81.88,1,616.0,0.26,base
M3,R4,2023-11,2.57,55.54,1,560.0,0.46,base
M1,R3,2023-11,2.32,103.12,1,616.0,0.38,base
M3,R5,2023-11,40.72,769.11,30,560.0,7.27,base
M1,R2,2023-11,408.14,22527.35,30,616.0,66.26,base
M2,R1,2023-11,89.12,3485.1,29,599.5,14.87,base
M3,R1,2023-11,54.12,1098.9,21,560.0,9.66,base
M2,R3,2023-11,240.58,9045.75,29,599.5,40.13,base
M2,R4,2023-11,169.7,7178.03,29,599.5,28.31,base
M2,R4,2023-12,170.27,7202.95,30,627.0,27.16,base
M1,R1,2023-12,157.88,7435.96,30,605.0,26.1,base
M2,R2,2023-12,7.64,336.24,1,627.0,1.22,base
M1,R2,2023-12,402.12,22197.31,30,605.0,66.47,base
M2,R1,2023-12,91.54,3580.07,31,627.0,14.6,base
M3,R1,2023-12,51.86,1052.09,20,570.0,9.1,base
M2,R3,2023-12,244.25,9183.62,31,627.0,38.96,base
M3,R4,2023-12,3.38,72.92,1,570.0,0.59,base
M3,R5,2023-12,40.64,768.64,31,570.0,7.13,base
M3,R1,2024-01,51.39,1042.89,20,565.0,9.1,base
M3,R5,2024-01,40.32,762.5,30,565.0,7.14,base
M2,R4,2024-01,163.79,6928.57,29,616.0,26.59,base
M3,R4,2024-01,9.08,195.95,3,565.0,1.61,base
M1,R4,2024-01,0.67,33.94,1,616.0,0.11,base
M2,R3,2024-01,237.34,8924.5,29,616.0,38.53,base
M1,R1,2024-01,155.89,7342.64,30,616.0,25.31,base
M1,R2,2024-01,400.42,22103.42,30,616.0,65.0,base
M2,R2,2024-01,7.56,332.5,1,616.0,1.23,base
M2,R5,2024-01,0.46,17.27,1,616.0,0.07,base
M2,R1,2024-01,90.64,3543.33,29,616.0,14.71,base
M1,R3,2024-01,7.03,311.94,2,616.0,1.14,base
M2,R2,2024-02,8.1,356.05,2,550.0,1.47,base
M2,R3,2024-02,206.7,7772.05,27,550.0,37.58,base
M2,R4,2024-02,143.0,6047.65,26,550.0,26.0,base
M3,R4,2024-02,9.66,208.73,3,520.0,1.86,base
M2,R1,2024-02,77.6,3035.18,27,550.0,14.11,base
M1,R1,2024-02,142.69,6719.99,27,550.0,25.94,base
M3,R1,2024-02,43.82,889.52,17,520.0,8.43,base
M1,R3,2024-02,9.43,418.65,2,550.0,1.71,base
M1,R2,2024-02,351.67,19412.6,27,550.0,63.94,base
M3,R5,2024-02,35.7,674.46,28,520.0,6.87,base
M1,R1,2024-03,124.73,5876.24,28,627.0,19.89,base
M2,R4,2024-03,156.98,6640.07,29,588.5,26.67,base
M1,R3,2024-03,18.95,841.63,6,627.0,3.02,base
M3,R4,2024-03,10.57,228.39,3,550.0,1.92,base
M1,R4,2024-03,1.65,82.86,1,627.0,0.26,base
M2,R3,2024-03,211.51,7953.01,29,588.5,35.94,base
M2,R1,2024-03,99.59,3894.4,28,588.5,16.92,base
M1,R2,2024-03,422.67,23329.11,31,627.0,67.41,base
M3,R1,2024-03,40.69,826.22,15,550.0,7.4,base
M3,R3,2024-03,9.47,185.77,2,550.0,1.72,base
M2,R5,2024-03,0.71,26.42,1,588.5,0.12,base
M3,R5,2024-03,35.58,671.96,30,550.0,6.47,base
M2,R1,2024-04,79.57000000000001,3110.83,27,594.0,13.4,base
M2,R5,2024-04,1.2,44.49,2,594.0,0.2,base
M2,R3,2024-04,221.45,8327.04,28,594.0,37.28,base
M2,R4,2024-04,156.98,6640.46,28,594.0,26.43,base
M1,R3,2024-04,11.06,491.17,3,594.0,1.86,base
M2,R2,2024-04,8.3,365.38,1,594.0,1.4,base
M3,R4,2024-04,6.5,140.38,2,525.0,1.24,base
M1,R2,2024-04,387.91,21412.9,29,594.0,65.3,base
M1,R4,2024-04,0.64,32.22,1,594.0,0.11,base
M3,R1,2024-04,50.22,1018.65,19,525.0,9.57,base
M3,R5,2024-04,35.64,674.36,28,525.0,6.79,base
M1,R1,2024-04,141.52,6665.26,29,594.0,23.82,base
M3,R5,2024-05,41.18,778.53,31,580.0,7.1,base
M1,R3,2024-05,4.46,197.85,1,621.5,0.72,base
M2,R1,2024-05,96.66,3780.02,30,616.0,15.69,base
M3,R1,2024-05,51.69,1049.08,20,580.0,8.91,base
M3,R4,2024-05,8.379999999999999,180.94,3,580.0,1.44,base
M2,R3,2024-05,242.66,9124.26,30,616.0,39.39,base
M1,R2,2024-05,411.35,22706.32,30,621.5,66.19,base
M2,R4,2024-05,167.02,7065.41,30,616.0,27.11,base
M2,R2,2024-05,3.85,169.34,1,616.0,0.62,base
M1,R1,2024-05,157.83,7433.62,30,621.5,25.4,base
M1,R3,2024-06,4.18,185.53,1,583.0,0.72,base
M1,R1,2024-06,166.88,7860.15,29,583.0,28.62,base
M3,R5,2024-06,38.05,718.88,29,530.0,7.18,base
M2,R5,2024-06,0.82,30.65,1,605.0,0.14,base
M2,R4,2024-06,176.43,7463.04,29,605.0,29.16,base
M3,R1,2024-06,46.25,939.01,18,530.0,8.73,base
M2,R3,2024-06,228.09,8577.19,30,605.0,37.7,base
M1,R2,2024-06,365.94,20199.81,29,583.0,62.77,base
M3,R4,2024-06,3.54,76.36,1,530.0,0.67,base
M2,R1,2024-06,68.52,2679.77,29,605.0,11.33,base
M2,R2,2024-06,7.26,319.54,1,605.0,1.2,base
M2,R4,2024-07,166.21,7031.2,29,638.0,26.05,base
M1,R2,2024-07,391.15,21591.9,29,594.0,65.85,base
M3,R5,2024-07,39.83,752.53,30,560.0,7.11,base
M2,R2,2024-07,15.22,669.7,2,638.0,2.39,base
M1,R1,2024-07,153.15,7212.81,29,594.0,25.78,base
M3,R4,2024-07,6.37,137.45999999999998,2,560.0,1.14,base
M2,R1,2024-07,92.41,3612.55,30,638.0,14.48,base
M3,R1,2024-07,51.45,1044.71,20,560.0,9.19,base
M2,R5,2024-07,0.88,32.75,1,638.0,0.14,base
M1,R3,2024-07,3.7,164.44,1,594.0,0.62,base
M2,R3,2024-07,239.25,8995.48,31,638.0,37.5,base
M3,R1,2024-08,49.13,997.29,19,555.0,8.85,base
M3,R4,2024-08,5.69,122.71,2,555.0,1.03,base
M1,R1,2024-08,155.33,7316.63,30,616.0,25.22,base
M1,R3,2024-08,10.39,461.35,3,616.0,1.69,base
M3,R5,2024-08,38.81,733.76,30,555.0,6.99,base
M1,R2,2024-08,393.97,21746.49,30,616.0,63.96,base
M2,R5,2024-08,0.86,31.99,1,594.0,0.14,base
M2,R3,2024-08,224.8,8452.32,29,594.0,37.85,base
M2,R2,2024-08,3.9,171.64,1,594.0,0.66,base
M2,R1,2024-08,85.77,3354.37,28,594.0,14.44,base
M2,R4,2024-08,162.28,6864.45,29,594.0,27.32,base
M1,R4,2024-08,1.65,82.98,1,616.0,0.27,base
M2,R4,2024-09,153.84,6508.13,27,572.0,26.9,base
M1,R3,2024-09,6.720000000000001,298.55,2,588.5,1.14,base
M3,R4,2024-09,9.05,195.45,3,555.0,1.63,base
M1,R2,2024-09,379.95,20974.07,29,588.5,64.56,base
M2,R3,2024-09,222.01,8348.5,28,572.0,38.81,base
M3,R5,2024-09,38.58,729.38,30,555.0,6.95,base
M2,R1,2024-09,88.21,3449.13,28,572.0,15.42,base
M3,R1,2024-09,46.3,939.59,18,555.0,8.34,base
M2,R2,2024-09,7.61,334.93,1,572.0,1.33,base
M1,R4,2024-09,1.71,85.94,1,588.5,0.29,base
M1,R1,2024-09,149.48,7039.59,29,588.5,25.4,base
M2,R2,2024-10,7.61,334.96,1,621.5,1.22,base
M2,R3,2024-10,238.45,8966.62,30,621.5,38.37,base
M2,R4,2024-10,163.08,6898.94,29,621.5,26.24,base
M1,R3,2024-10,6.0,266.15,2,616.0,0.97,base
M3,R1,2024-10,49.13,997.74,19,560.0,8.77,base
M2,R5,2024-10,0.83,30.83,1,621.5,0.13,base
M2,R1,2024-10,93.75,3665.79,29,621.5,15.08,base
M3,R5,2024-10,39.64,748.5600000000001,30,560.0,7.08,base
M3,R4,2024-10,8.35,180.46,3,560.0,1.49,base
M1,R2,2024-10,400.11,22086.49,30,616.0,64.95,base
M1,R4,2024-10,1.66,83.49,1,616.0,0.27,base
M1,R1,2024-10,156.46,7368.97,30,616.0,25.4,base
M3,R1,2024-11,38.55,782.4,15,555.0,6.95,base
M2,R2,2024-11,22.82,1004.11,3,544.5,4.19,base
M3,R4,2024-11,19.45,419.91,6,555.0,3.5,base
M1,R1,2024-11,142.89,6730.26,27,544.5,26.24,base
M2,R3,2024-11,202.41,7610.269999999999,27,544.5,37.17,base
M1,R2,2024-11,338.74,18698.88,27,544.5,62.21,base
M2,R1,2024-11,83.26,3255.6,27,544.5,15.29,base
M3,R5,2024-11,36.15,683.13,30,555.0,6.51,base
M1,R3,2024-11,13.78,611.88,3,544.5,2.53,base
M2,R4,2024-11,133.97,5666.8,24,544.5,24.6,base
M2,R2,2024-12,3.93,172.91,1,610.5,0.64,base
M2,R4,2024-12,166.14,7027.37,30,610.5,27.21,base
M2,R3,2024-12,238.76,8976.61,30,610.5,39.11,base
M3,R1,2024-12,49.08,996.5,19,575.0,8.54,base
M1,R3,2024-12,4.56,202.61,1,616.0,0.74,base
M1,R1,2024-12,157.27,7408.42,30,616.0,25.53,base
M3,R5,2024-12,40.72,769.45,31,575.0,7.08,base
M1,R2,2024-12,406.24,22423.14,30,616.0,65.95,base
M2,R1,2024-12,94.05,3678.13,30,610.5,15.41,base
M3,R4,2024-12,8.36,180.52,3,575.0,1.45,base
M1,R4,2025-01,3.27,164.43,2,638.0,0.51,base
M2,R1,2025-01,91.31,3570.51,29,605.0,15.09,base
M2,R3,2025-01,245.14,9217.06,29,605.0,40.52,base
M1,R1,2025-01,158.25,7453.98,31,638.0,24.8,base
M1,R3,2025-01,4.66,206.81,2,638.0,0.73,base
M2,R4,2025-01,170.38,7206.74,29,605.0,28.16,base
M3,R1,2025-01,56.83,1153.88,22,580.0,9.8,base
M3,R5,2025-01,41.6,785.8100000000001,31,580.0,7.17,base
M3,R4,2025-01,2.47,53.37,1,580.0,0.43,base
M1,R2,2025-01,416.71,23001.86,31,638.0,65.32,base
M3,R1,2025-02,46.3,939.68,18,500.0,9.26,base
M1,R3,2025-02,3.62,160.76,1,555.5,0.65,base
M1,R1,2025-02,142.82,6726.53,27,555.5,25.71,base
M3,R5,2025-02,36.26,685.21,27,500.0,7.25,base
M2,R1,2025-02,80.26,3137.59,27,572.0,14.03,base
M2,R3,2025-02,218.7,8222.76,28,572.0,38.23,base
M2,R5,2025-02,0.9,33.54,1,572.0,0.16,base
M3,R4,2025-02,2.55,55.16,1,500.0,0.51,base
M2,R2,2025-02,3.88,170.86,1,572.0,0.68,base
M2,R4,2025-02,154.97,6555.75,28,572.0,27.09,base
M1,R2,2025-02,366.06,20206.81,27,555.5,65.9,base
M1,R3,2025-03,10.49,465.5,3,605.0,1.73,base
M3,R5,2025-03,35.5,670.87,31,570.0,6.23,base
M3,R1,2025-03,41.11,834.36,15,570.0,7.21,base
M2,R4,2025-03,150.24,6355.45,29,605.0,24.83,base
M2,R2,2025-03,8.36,367.99,1,605.0,1.38,base
M1,R2,2025-03,432.01,23847.27,30,605.0,71.41,base
M2,R1,2025-03,104.28,4076.68,30,605.0,17.24,base
M2,R3,2025-03,231.42,8701.23,30,605.0,38.25,base
M3,R4,2025-03,21.65,467.72,6,570.0,3.8,base
M1,R1,2025-03,112.56,5301.57,28,605.0,18.6,base
M3,R5,2025-04,41.14,777.19,30,560.0,7.35,base
M2,R3,2025-04,248.92,9359.57,30,616.0,40.41,base
M3,R1,2025-04,56.58,1149.02,22,560.0,10.1,base
M2,R1,2025-04,86.72,3390.7,30,616.0,14.08,base
M1,R2,2025-04,412.67,22779.18,30,616.0,66.99,base
M1,R1,2025-04,158.33,7457.53,30,616.0,25.7,base
M2,R4,2025-04,175.63,7429.29,30,616.0,28.51,base
M3,R4,2025-05,3.08,66.63,1,575.0,0.54,base
M3,R1,2025-05,54.57,1107.64,21,575.0,9.49,base
M3,R5,2025-05,40.87,772.49,31,575.0,7.11,base
M1,R2,2025-05,414.35,22872.63,31,632.5,65.51,base
M1,R1,2025-05,164.49,7747.1,31,632.5,26.01,base
M2,R4,2025-05,173.6,7343.11,30,610.5,28.44,base
M2,R1,2025-05,84.69,3310.75,30,610.5,13.87,base
M1,R3,2025-05,4.4,195.39,1,632.5,0.7,base
M2,R3,2025-05,245.54,9233.29,30,610.5,40.22,base
M2,R4,2025-06,165.73,7010.59,28,588.5,28.16,base
M2,R1,2025-06,66.23,2589.96,26,588.5,11.25,base
M1,R1,2025-06,158.5,7465.83,29,588.5,26.93,base
M1,R4,2025-06,2.67,134.25,3,588.5,0.45,base
M1,R3,2025-06,12.34,548.15,4,588.5,2.1,base
M2,R3,2025-06,212.22,7979.48,26,588.5,36.06,base
M3,R4,2025-06,7.1,153.53,2,510.0,1.39,base
M1,R2,2025-06,356.12,19658.1,29,588.5,60.51,base
M3,R5,2025-06,36.6,691.9300000000001,27,510.0,7.18,base
M3,R1,2025-06,48.83,990.72,19,510.0,9.57,base
M2,R2,2025-06,7.29,320.66,1,588.5,1.24,base
M2,R5,2025-06,1.35,50.14,3,588.5,0.23,base
M3,R5,2025-07,42.73,807.92,31,580.0,7.37,base
M2,R1,2025-07,90.54,3540.19,31,638.0,14.19,base
M2,R4,2025-07,182.59,7723.87,31,638.0,28.62,base
M3,R1,2025-07,59.27,1202.79,23,580.0,10.22,base
M1,R2,2025-07,428.54,23654.91,31,638.0,67.17,base
M2,R3,2025-07,256.95,9661.77,31,638.0,40.27,base
M1,R1,2025-07,162.96,7675.84,31,638.0,25.54,base
M2,R1,2025-08,87.85,3434.75,31,627.0,14.01,base
M1,R2,2025-08,417.75,23060.51,31,627.0,66.63,base
M2,R4,2025-08,177.24,7497.14,31,627.0,28.27,base
M3,R1,2025-08,53.52,1086.91,21,570.0,9.39,base
M2,R3,2025-08,250.19,9406.82,31,627.0,39.9,base
M1,R1,2025-08,162.75,7664.92,31,627.0,25.96,base
M3,R5,2025-08,42.31,799.4,31,570.0,7.42,base
M2,R4,2025-09,159.32,6738.82,28,572.0,27.85,base
M2,R1,2025-09,81.13,3172.02,27,572.0,14.18,base
M2,R3,2025-09,222.22,8355.43,27,572.0,38.85,base
M3,R4,2025-09,3.38,72.93,1,525.0,0.64,base
M2,R5,2025-09,0.41,15.43,1,572.0,0.07,base
M3,R5,2025-09,37.92,716.67,28,525.0,7.22,base
M1,R1,2025-09,150.86,7107.38,30,616.0,24.49,base
M1,R2,2025-09,386.14,21313.05,30,616.0,62.69,base
M1,R4,2025-09,1.01,50.46,2,616.0,0.16,base
M1,R3,2025-09,7.050000000000001,312.67,3,616.0,1.14,base
M3,R1,2025-09,51.51,1046.05,20,525.0,9.81,base
M1,R1,2025-10,164.35,7740.92,31,638.0,25.76,base
M1,R2,2025-10,413.73,22837.83,31,638.0,64.85,base
M3,R4,2025-10,5.880000000000001,126.94,2,560.0,1.05,base
M2,R3,2025-10,239.8,9016.76,30,616.0,38.93,base
M2,R4,2025-10,171.33,7246.79,30,616.0,27.81,base
M1,R3,2025-10,8.05,357.34000000000003,2,638.0,1.26,base
M2,R5,2025-10,0.82,30.62,1,616.0,0.13,base
M3,R1,2025-10,51.83,1052.43,20,560.0,9.26,base
M2,R1,2025-10,85.83,3355.46,29,616.0,13.93,base
M3,R5,2025-10,40.0,755.6899999999999,30,560.0,7.14,base
M3,R1,2025-11,41.42,840.7,16,550.0,7.53,base
M2,R3,2025-11,226.67,8522.880000000001,29,583.0,38.88,base
M2,R1,2025-11,89.25,3488.98,29,583.0,15.31,base
M2,R2,2025-11,7.6,334.31,1,583.0,1.3,base
M1,R2,2025-11,378.76,20906.9,29,583.0,64.97,base
M3,R5,2025-11,38.15,721.01,30,550.0,6.94,base
M1,R1,2025-11,153.28,7220.03,29,583.0,26.29,base
M1,R3,2025-11,4.7,208.81,1,583.0,0.81,base
M2,R4,2025-11,152.47,6449.83,28,583.0,26.15,base
M3,R4,2025-11,11.7,252.98,4,550.0,2.13,base
M2,R3,2025-12,238.26,8958.25,29,599.5,39.74,base
M2,R4,2025-12,155.58,6580.86,28,599.5,25.95,base
M2,R2,2025-12,7.61,334.79,1,599.5,1.27,base
M2,R1,2025-12,96.48,3772.18,29,599.5,16.09,base
M1,R1,2025-12,156.11,7353.73,30,616.0,25.34,base
M3,R4,2025-12,14.14,305.28,5,580.0,2.44,base
M1,R4,2025-12,1.64,82.68,1,616.0,0.27,base
M1,R3,2025-12,6.960000000000001,309.34,2,616.0,1.13,base
M3,R1,2025-12,46.62,946.45,18,580.0,8.04,base
M3,R5,2025-12,40.71,769.75,31,580.0,7.02,base
M1,R2,2025-12,398.98,22022.89,30,616.0,64.77,base
M2,R3,2026-01,229.82,8640.81,30,610.5,37.64,base
M1,R3,2026-01,12.02,533.41,3,632.5,1.9,base
M1,R1,2026-01,165.57,7797.72,31,632.5,26.18,base
M2,R1,2026-01,83.11,3250.2,28,610.5,13.61,base
M3,R4,2026-01,8.39,181.08,3,535.0,1.57,base
M3,R5,2026-01,38.22,722.29,29,535.0,7.14,base
M2,R5,2026-01,1.69,62.99,2,610.5,0.28,base
M3,R1,2026-01,43.89,891.12,17,535.0,8.2,base
M1,R2,2026-01,400.59,22113.45,31,632.5,63.33,base
M2,R4,2026-01,162.29,6865.29,30,610.5,26.58,base
M3,R1,2026-02,32.480000000000004,659.39,12,315.0,10.31,base
M2,R3,2026-02,132.5,4981.93,16,330.0,40.15,base
M2,R4,2026-02,93.62,3960.39,16,330.0,28.37,base
M1,R2,2026-02,240.98,13302.49,17,346.5,69.55,base
M3,R5,2026-02,20.59,389.18,17,315.0,6.54,base
M1,R1,2026-02,71.77,3379.96,17,346.5,20.71,base
M1,R4,2026-02,1.64,82.69,1,346.5,0.47,base
M1,R3,2026-02,2.32,103.02,1,346.5,0.67,base
M2,R1,2026-02,48.8,1907.65,16,330.0,14.79,base
M1,R2,2026-03,424.4,23429.9,30,616.0,68.9,base
M1,R1,2026-03,134.8,6346.9,30,616.0,21.88,base
M2,R3,2026-03,230.52,8667.46,31,632.5,36.45,base
M1,R3,2026-03,6.79,301.58000000000004,2,616.0,1.1,base
M3,R4,2026-03,43.09,930.5,16,535.0,8.05,base
M2,R5,2026-03,1.54,57.14,2,632.5,0.24,base
M2,R4,2026-03,122.75,5191.59,31,632.5,19.41,base
M3,R5,2026-03,35.37,668.26,29,535.0,6.61,base
M2,R2,2026-03,4.28,188.48,1,632.5,0.68,base
M2,R1,2026-03,136.47,5337.25,29,632.5,21.58,base
M3,R1,2026-03,11.08,225.15,4,535.0,2.07,base
M2,R2,2026-04,7.57,333.21,1,572.0,1.32,base
M3,R4,2026-04,58.24,1258.19,22,560.0,10.4,base
M3,R5,2026-04,38.6,728.91,30,560.0,6.89,base
M1,R2,2026-04,383.06,21142.71,29,594.0,64.49,base
M2,R1,2026-04,150.4,5881.52,28,572.0,26.29,base
M2,R4,2026-04,97.27,4115.1,27,572.0,17.01,base
M1,R3,2026-04,8.72,387.04,2,594.0,1.47,base
M1,R1,2026-04,153.42,7228.32,29,594.0,25.83,base
M2,R3,2026-04,216.71,8147.86,28,572.0,37.89,base
M3,R5,2026-05,38.94,737.2,31,570.0,6.83,base
M1,R1,2026-05,165.49,7794.02,29,588.5,28.12,base
M3,R1,2026-05,36.38,737.78,14,570.0,6.38,base
M2,R2,2026-05,11.08,487.72,2,605.0,1.83,base
M2,R1,2026-05,112.95,4416.0,30,605.0,18.67,base
M3,R4,2026-05,19.43,419.36,7,570.0,3.41,base
M1,R3,2026-05,4.33,192.33,1,588.5,0.74,base
M2,R3,2026-05,221.45,8326.9,30,605.0,36.6,base
M1,R2,2026-05,372.3,20551.24,29,588.5,63.26,base
M2,R4,2026-05,148.72,6291.56,29,605.0,24.58,base
M3,R5,2026-06,33.65,636.38,25,465.0,7.24,base
M1,R1,2026-06,161.11,7589.63,30,616.0,26.15,base
M1,R2,2026-06,380.7,21013.05,30,616.0,61.8,base
M1,R3,2026-06,14.68,651.9300000000001,5,616.0,2.38,base
M2,R4,2026-06,97.81,4137.72,30,616.0,15.88,base
M2,R5,2026-06,3.67,137.07,5,616.0,0.6,base
M2,R3,2026-06,199.82,7514.1,29,616.0,32.44,base
M3,R4,2026-06,46.8,1010.45,18,465.0,10.06,base
M2,R1,2026-06,146.2,5716.49,25,616.0,23.73,base
M1,R4,2026-06,0.51,25.51,1,616.0,0.08,base
M1,R1,2026-07,155.2,7310.09,30,616.0,25.19,base
M2,R5,2026-07,0.43,16.1,1,638.0,0.07,base
M3,R4,2026-07,60.04,1297.89,23,565.0,10.63,base
M2,R2,2026-07,7.58,333.53,1,638.0,1.19,base
M2,R4,2026-07,95.43,4036.76,30,638.0,14.96,base
M2,R1,2026-07,185.7,7260.85,30,638.0,29.11,base
M3,R5,2026-07,40.39,762.36,30,565.0,7.15,base
M2,R3,2026-07,230.01,8648.64,30,638.0,36.05,base
M1,R2,2026-07,408.84,22568.05,30,616.0,66.37,base
M1,R3,2026-07,2.47,109.55,1,616.0,0.4,base
M1,R4,2026-07,0.49,24.53,1,616.0,0.08,base
M3,R4,2026-08,52.09,1125.27,20,520.0,10.02,base
M2,R5,2026-08,1.67,62.260000000000005,3,627.0,0.27,base
M2,R1,2026-08,171.38,6701.3,28,627.0,27.33,base
M1,R4,2026-08,0.93,47.22,2,627.0,0.15,base
M1,R3,2026-08,7.76,344.33,3,627.0,1.24,base
M2,R3,2026-08,214.18,8052.36,29,627.0,34.16,base
M1,R1,2026-08,160.6,7563.78,31,627.0,25.61,base
M1,R2,2026-08,400.69,22119.56,31,627.0,63.91,base
M2,R4,2026-08,94.81,4010.39,31,627.0,15.12,base
M3,R5,2026-08,37.51,708.3,28,520.0,7.21,base
M3,R4,2026-09,57.42,1238.9,22,560.0,10.25,base
M1,R4,2026-09,1.42,71.45,1,616.0,0.23,base
M2,R3,2026-09,222.52,8366.31,29,599.5,37.12,base
M1,R1,2026-09,154.61,7285.28,30,616.0,25.1,base
M2,R1,2026-09,187.1,7315.78,29,599.5,31.21,base
M3,R5,2026-09,39.77,752.94,30,560.0,7.1,base
M2,R4,2026-09,89.96000000000001,3805.87,29,599.5,15.01,base
M1,R2,2026-09,408.55,22547.97,30,616.0,66.32,base
M1,R3,2026-09,2.14,95.21,1,616.0,0.35,base
M3,R4,2026-10,57.42,1239.89,22,575.0,9.99,base
M1,R1,2026-10,161.97,7628.84,31,632.5,25.61,base
M2,R3,2026-10,231.77,8714.8,31,632.5,36.64,base
M2,R1,2026-10,195.92,7660.19,31,632.5,30.98,base
M3,R5,2026-10,41.24,780.41,31,575.0,7.17,base
M2,R4,2026-10,95.22,4027.74,31,632.5,15.05,base
M1,R2,2026-10,424.03,23406.39,31,632.5,67.04,base
M2,R2,2026-11,7.59,333.77,1,588.5,1.29,base
M1,R3,2026-11,9.3,412.75,3,588.5,1.58,base
M2,R1,2026-11,166.05,6491.65,27,588.5,28.22,base
M2,R4,2026-11,85.32,3609.51,28,588.5,14.5,base
M1,R1,2026-11,156.56,7371.7,29,588.5,26.6,base
M1,R2,2026-11,371.65,20517.43,29,588.5,63.15,base
M2,R5,2026-11,1.62,59.99,2,588.5,0.28,base
M3,R5,2026-11,35.27,666.61,28,515.0,6.85,base
M3,R4,2026-11,49.76,1075.16,19,515.0,9.66,base
M3,R3,2026-11,0.33,6.6,2,515.0,0.06,base
M2,R3,2026-11,196.56,7390.66,29,588.5,33.4,base
M2,R1,2026-12,170.3,6658.56,27,572.0,29.77,base
M1,R3,2026-12,14.42,639.91,4,572.0,2.52,base
M2,R4,2026-12,74.91,3169.21,25,572.0,13.1,base
M2,R5,2026-12,0.81,29.96,1,572.0,0.14,base
M2,R2,2026-12,22.77,1001.42,3,572.0,3.98,base
M3,R4,2026-12,57.83,1250.17,22,560.0,10.33,base
M3,R3,2026-12,1.11,21.65,6,560.0,0.2,base
M2,R3,2026-12,188.11,7071.96,28,572.0,32.89,base
M1,R2,2026-12,353.54,19519.66,28,572.0,61.81,base
M3,R5,2026-12,35.8,675.67,30,560.0,6.39,base
M1,R1,2026-12,152.06,7157.83,28,572.0,26.58,base
M2,R2,2027-01,0.56,24.73,1,627.0,0.09,base
M2,R3,2027-01,217.51,8178.38,31,627.0,34.69,base
M1,R1,2027-01,156.7,7382.66,30,605.0,25.9,base
M3,R4,2027-01,52.2,1129.28,20,550.0,9.49,base
M2,R4,2027-01,89.06,3765.88,31,627.0,14.2,base
M3,R5,2027-01,39.2,739.4399999999999,30,550.0,7.13,base
M1,R2,2027-01,403.3,22259.68,30,605.0,66.66,base
M2,R1,2027-01,191.05,7469.75,31,627.0,30.47,base
M2,R4,2027-02,58.739999999999995,2482.79,18,363.0,16.18,base
M1,R1,2027-02,68.22,3210.78,18,363.0,18.79,base
M2,R1,2027-02,103.32,4040.04,18,363.0,28.46,base
M1,R2,2027-02,267.78,14784.24,18,363.0,73.77,base
M3,R5,2027-02,20.7,391.9,18,330.0,6.27,base
M2,R3,2027-02,136.62,5136.0,18,363.0,37.64,base
M3,R4,2027-02,33.480000000000004,722.52,12,330.0,10.15,base
M2,R3,2027-03,241.51,9083.02,31,638.0,37.85,base
M1,R2,2027-03,441.34000000000003,24363.120000000003,31,638.0,69.18,base
M2,R1,2027-03,186.87,7305.259999999999,31,638.0,29.29,base
M3,R5,2027-03,40.72,769.9,31,580.0,7.02,base
M1,R1,2027-03,150.16,7071.58,31,638.0,23.54,base
M3,R4,2027-03,60.940000000000005,1315.98,23,580.0,10.51,base
M2,R4,2027-03,102.1,4316.07,31,638.0,16.0,base
M1,R3,2027-04,14.93,663.04,5,616.0,2.42,base
M2,R1,2027-04,152.23,5950.679999999999,25,577.5,26.36,base
M2,R3,2027-04,199.15,7491.21,27,577.5,34.48,base
M1,R1,2027-04,157.06,7397.28,30,616.0,25.5,base
M2,R5,2027-04,2.05,76.55,3,577.5,0.35,base
M1,R2,2027-04,381.23,21043.93,30,616.0,61.89,base
M3,R4,2027-04,52.27,1129.08,20,505.0,10.35,base
M3,R5,2027-04,35.32,667.62,27,505.0,6.99,base
M2,R4,2027-04,90.27000000000001,3816.2,28,577.5,15.63,base
M1,R4,2027-04,1.99,99.84,2,616.0,0.32,base
M2,R4,2027-05,117.82000000000001,4982.4400000000005,31,627.0,18.79,base
M2,R3,2027-05,227.57,8552.140000000001,31,627.0,36.3,base
M2,R5,2027-05,0.81,30.18,1,627.0,0.13,base
M3,R4,2027-05,52.0,1123.8,20,550.0,9.45,base
M3,R5,2027-05,39.5,745.9,30,550.0,7.18,base
M2,R1,2027-05,156.20000000000002,6102.0,30,627.0,24.91,base
M1,R1,2027-05,177.01,8341.49,31,627.0,28.23,base
M1,R3,2027-05,3.28,145.61,1,627.0,0.52,base
M1,R2,2027-05,397.71,21948.53,31,627.0,63.43,base
M1,R4,2027-06,0.51,25.6,1,583.0,0.09,base
M2,R3,2027-06,213.62,8035.459999999999,29,616.0,34.68,base
M3,R4,2027-06,54.6,1179.36,21,525.0,10.4,base
M3,R5,2027-06,37.01,699.5400000000001,28,525.0,7.05,base
M1,R3,2027-06,5.48,243.58,2,583.0,0.94,base
M2,R1,2027-06,170.43,6662.08,28,616.0,27.67,base
M2,R5,2027-06,1.24,46.34,2,616.0,0.2,base
M1,R1,2027-06,146.11,6882.14,28,583.0,25.06,base
M1,R2,2027-06,382.40000000000003,21107.82,28,583.0,65.59,base
M2,R4,2027-06,92.82000000000001,3923.6099999999997,30,616.0,15.07,base
M2,R2,2027-06,7.78,342.74,2,616.0,1.26,base
M1,R2,2027-07,393.48,21719.89,29,594.0,66.24,base
M3,R5,2027-07,39.27,742.27,30,560.0,7.01,base
M3,R4,2027-07,57.47,1241.3999999999999,22,560.0,10.26,base
M2,R4,2027-07,95.54,4038.91,30,632.5,15.11,base
M2,R3,2027-07,224.92,8460.359999999999,30,632.5,35.56,base
M1,R1,2027-07,150.03,7066.5,29,594.0,25.26,base
M2,R1,2027-07,178.5,6977.589999999999,30,632.5,28.22,base
M1,R3,2027-07,2.48,110.28,1,594.0,0.42,base
M2,R5,2027-07,0.43,16.13,1,632.5,0.07,base
M1,R4,2027-07,0.51,25.6,1,594.0,0.09,base
M2,R2,2027-07,11.47,504.85,2,632.5,1.81,base
M1,R2,2027-08,408.42,22544.98,30,610.5,66.9,base
M1,R1,2027-08,157.08,7398.33,30,610.5,25.73,base
M2,R4,2027-08,100.23,4237.62,30,632.5,15.85,base
M2,R3,2027-08,233.61,8787.199999999999,31,632.5,36.93,base
M3,R4,2027-08,57.47,1241.3999999999999,22,575.0,9.99,base
M2,R2,2027-08,7.58,333.47,1,632.5,1.2,base
M3,R5,2027-08,40.79,770.95,31,575.0,7.09,base
M2,R1,2027-08,180.42,7052.69,31,632.5,28.52,base
M1,R1,2027-09,148.46,6992.1,28,572.0,25.95,base
M2,R2,2027-09,15.16,666.95,2,572.0,2.65,base
M1,R3,2027-09,8.52,378.08,2,572.0,1.49,base
M2,R4,2027-09,86.96000000000001,3676.6,26,572.0,15.2,base
M3,R4,2027-09,58.28,1259.04,22,560.0,10.41,base
M2,R3,2027-09,206.66,7773.33,28,572.0,36.13,base
M2,R1,2027-09,162.4,6348.24,28,572.0,28.39,base
M1,R2,2027-09,368.0,20313.73,28,572.0,64.34,base
M3,R5,2027-09,37.56,710.1,30,560.0,6.71,base
M1,R3,2027-10,5.48,243.56,2,583.0,0.94,base
M1,R4,2027-10,0.51,25.6,1,583.0,0.09,base
M1,R1,2027-10,151.79,7148.61,29,583.0,26.04,base
M2,R5,2027-10,1.24,46.34,2,627.0,0.2,base
M2,R3,2027-10,213.75,8039.87,30,627.0,34.09,base
M2,R4,2027-10,94.94,4013.92,29,627.0,15.14,base
M3,R5,2027-10,37.03,699.95,29,535.0,6.92,base
M2,R2,2027-10,15.16,666.95,2,627.0,2.42,base
M1,R2,2027-10,375.22,20712.7,29,583.0,64.36,base
M3,R4,2027-10,52.54,1134.96,20,535.0,9.82,base
M2,R1,2027-10,164.94,6447.5599999999995,29,627.0,26.31,base
M3,R4,2027-11,57.74,1247.28,22,560.0,10.31,base
M3,R5,2027-11,39.08,738.7,30,560.0,6.98,base
M1,R3,2027-11,8.52,378.08,2,616.0,1.38,base
M2,R4,2027-11,93.36,3947.12,28,572.0,16.32,base
M2,R3,2027-11,215.32,8099.4,28,572.0,37.64,base
M1,R2,2027-11,398.6,22002.66,30,616.0,64.71,base
M2,R1,2027-11,164.52,6431.16,28,572.0,28.76,base
M1,R1,2027-11,158.86,7482.08,30,616.0,25.79,base
M1,R1,2027-12,142.07,6691.78,27,561.0,25.32,base
M2,R4,2027-12,88.98,3761.5,28,616.0,14.44,base
M3,R4,2027-12,60.61,1309.32,23,580.0,10.45,base
M1,R3,2027-12,4.26,189.04,1,561.0,0.76,base
M2,R3,2027-12,217.34,8175.009999999999,30,616.0,35.28,base
M1,R2,2027-12,371.66,20515.13,27,561.0,66.25,base
M2,R2,2027-12,22.94,1009.6800000000001,4,616.0,3.72,base
M2,R1,2027-12,178.06,6960.349999999999,30,616.0,28.91,base
M3,R5,2027-12,38.68,731.2900000000001,31,580.0,6.67,base
